{"train/train_loss":1.4391627113024394,"train/train_steps_per_second":0.144,"train/learning_rate":0.0001,"_timestamp":1.7340418691830242e+09,"_wandb":{"runtime":82},"eval/samples_per_second":23.352,"eval/runtime":2.1411,"eval/f1":0.7662931839402427,"_runtime":82.645092,"train/train_runtime":83.2848,"_step":2,"eval/loss":1.2345069646835327,"train/train_samples_per_second":4.767,"train/global_step":12,"eval/steps_per_second":3.269,"train/epoch":0.96,"eval/accuracy":0.78,"train/total_flos":0,"train/loss":1.4725}