{"eval/samples_per_second":33.737,"eval/loss":1.2230346202850342,"eval/steps_per_second":4.723,"eval/model_preparation_time":0.001,"eval/accuracy":0.8,"train/grad_norm":1.5387911796569824,"train/learning_rate":0.0001,"train_runtime":73.8095,"eval/runtime":1.482,"train_steps_per_second":0.163,"_wandb":{"runtime":74},"train/epoch":0.96,"train/global_step":0,"train/loss":1.4705,"train_loss":1.4357459147771199,"total_flos":0,"eval/f1":0.7823684210526316,"train_samples_per_second":5.379,"_runtime":74.686479,"_timestamp":1.734047795616679e+09,"_step":3}