{"total_flos":0,"train_loss":1.4357459147771199,"train/global_step":12,"eval/accuracy":0.74,"_step":2,"train/grad_norm":1.5387911796569824,"_runtime":77.092109,"_timestamp":1.7340464503081868e+09,"train_samples_per_second":5.06,"_wandb":{"runtime":77},"eval/steps_per_second":3.267,"eval/samples_per_second":23.337,"train/learning_rate":0.0001,"train/loss":1.4705,"eval/f1":0.7373099415204679,"train/epoch":0.96,"eval/loss":1.2369396686553955,"train_runtime":78.4576,"eval/runtime":2.1425,"train_steps_per_second":0.153}